{"appName":"InvestPro","appIconPath":"Screenshot_2025-10-09-01-20-09-64_b5a5c5cb02ca09c784c5d88160e2ec24.jpg","splashPath":"Screenshot_2025-10-09-01-20-09-64_b5a5c5cb02ca09c784c5d88160e2ec24.jpg","packageName":"com.mycomapny.mywebapp","versionName":"1.0.6","versionCode":3,"isFullscreen":true,"isHideTitleBar":true,"titleBarBackgroundColor":"#3F51B5","isAllowLongClick":true,"isShowLoadingUI":false,"isAllowZoom":false,"isPCMode":false,"isAllowAutoplay":false,"homePage":"index.html","withPHPEnv":false,"PHPPort":57249,"isAllowSwipeRefresh":true,"isAllowCamera":false,"isAllowMicrophone":false,"screenRotationMethod":0}